firstname,lastname
Leslie,Stewart
Mary,Larsen
Brittany,Lawrence
Dalton,Garcia
Laura,Hogan
Sydney,Estes
Pam,Barron
Nicole,Stephenson
Cheryl,Salazar
Edgar,Hernandez
Joseph,Baker
Jessica,Acosta
Karen,Goodwin
Megan,Cameron
Tanya,Novak
Stephanie,Finley
Janice,Mccarthy
Mary,Hood
Meghan,Singleton
Theresa,Daugherty
Parker,James
Ashley,Armstrong
Sarah,Mcfarland
Morgan,Marks
Rebecca,Whitehead
Misty,Booth
Harry,White
Dawn,Day
Maria,Carey
Stephanie,Friedman
Lisa,Li
Traci,Mercer
Nichole,Beard
Tabitha,Stuart
Taylor,Mcdonald
Trevor,Vasquez
Rick,Russell
Daryl,Wilson
William,Hicks
Susan,Benjamin
Paul,Hughes
Leonard,Edwards
Laura,Sparks
Sandra,Weeks
Jerome,Perez
Lisa,Olsen
Linda,Lara
Heather,Horton
Lynn,Short
Emily,Leonard
Mallory,Bryan
Jaclyn,Haynes
Kaitlin,Adkins
Anthony,Johnson
Jasmine,Mccarthy
Erika,Gregory
Michele,Garrison
Christina,Mendez
Michelle,Hancock
Angela,Spencer
Ariel,Cunningham
Howard,White
Sheila,Crosby
Samantha,Lowery
Manuel,Flores
James,Lee
Marcus,Morris
Alexis,Smith
Darren,Wilson
Ralph,Foster
Sheryl,Blackburn
Julie,Burgess
Kimberly,Parsons
Jackson,Lopez
Karen,Fischer
Nicole,Keith
Tina,Pollard
Tammy,Levy
Gabriella,Sutton
Julie,Manning
Terrence,Harrison
Peggy,Kemp
Lisa,Roth
Jennifer,Griffith
Mackenzie,Carson
Kim,Schroeder
Julie,Mcgee
Julie,Francis
Pamela,Zamora
Rebecca,Solomon
Michelle,Grimes
Sydney,Mccarty
Lindsay,Drake
Kerri,Ayala
Tyler,Crawford
Michael,Howard
Linda,Brock
Heather,Schwartz
Kathryn,Farmer
Francis,Martin
Nicholas,Gray
Catherine,Jacobs
Katherine,Avila
Earl,Hernandez
Jonathan,King
Jennifer,Ball
Dillon,Taylor
Jasmine,Zimmerman
Jenny,Ramsey
Jeanne,Fletcher
Tina,Hooper
Monica,Brennan
Joyce,Yang
Meghan,Bradford
Brenda,Matthews
Ray,Sanders
Kristine,Clarke
Allison,Rose
Gabriela,Sutton
Ruth,Sexton
Kristin,Kramer
Christopher,Miller
Leslie,Edwards
Shelly,Mcmahon
Dana,Fields
Sharon,Pace
Levi,Stewart
Jenna,Mckinney
Bonnie,Perkins
Ariana,Cunningham
Tina,Holden
Michelle,Callahan
Sarah,Peck
Renee,Lozano
William,Dixon
Jessica,Moss
Sarah,Randolph
Cristina,Fuller
Ashlee,Knight
Noah,James
Sarah,Hickman
Tiffany,Petty
Walter,Shaw
Ricardo,Ross
Teresa,Bonilla
Brandi,Perkins
Larry,Collins
Elizabeth,Estrada
Jennifer,Moran
Stephanie,Farley
Edward,Hernandez
Sydney,Rivers
Shelby,Bentley
Sylvia,Mccarty
Jacqueline,Haynes
Alejandra,Boyd
Gabrielle,Sutton
Stefanie,Herring
Monique,Salas
Willie,Robertson
Kristen,Glover
Craig,Garcia
Jacob,Lopez
Kimberly,Waters
Tristan,Snyder
Anne,Elliott
Samantha,Calhoun
Tim,Woods
Lisa,Stokes
Tiffany,Cherry
Jennifer,Le
Linda,Shaffer
Robert,Perry
Erika,Shelton
Regina,Blankenship
Tammy,Sheppard
William,Romero
Aaron,Smith
Darlene,May
Andrea,Arnold
Patrick,James
Lisa,Cervantes
Michelle,Camacho
Selena,Walls
Theresa,Hester
Tammy,Burch
Melinda,Atkinson
Belinda,Lane
Shannon,Hayes
Kendra,Mejia
Angela,Grant
Judith,Figueroa
Nicholas,Brooks
Katie,Wang
Todd,Washington
Denise,Delgado
Cheryl,Bishop
Tiffany,Bray
Nicolas,Gray
Sharon,Hurley
Pamela,Preston
Beth,Lane
Lorraine,Underwood
Becky,Lane
Melody,Vincent
Sheryl,Raymond
William,Gordon
Laura,Bauer
Brandy,Silva
Tiffany,Levine
Stephanie,Mckay
Priscilla,Merritt
Mariah,Guerra
Heather,Terry
Mary,Massey
Laura,Mcguire
Connie,Sims
Melinda,Sweeney
Laura,Salinas
Chad,Jones
Sarah,Velazquez
Latoya,Conner
Kelli,Townsend
Lindsay,Roman
Summer,Frye
Kaylee,Townsend
Gordon,Thompson
Tamara,Stuart
Chloe,Salazar
Megan,Kirk
Kristin,Buchanan
Chelsea,Lynch
Stacey,Meza
Lori,Nicholson
Claudia,Weber
Crystal,Mccoy
Anne,Cunningham
Jennifer,Mckinney
Mary,Franco
Mary,Randall
Jonathon,Green
Michelle,Roy
Sherri,Dunlap
Rachael,Villanueva
Shannon,Chavez
Marco,Morris
Herbert,White
Amy,Kelley
Samuel,Kim
Anita,Hansen
Daisy,Fields
Wayne,Shaw
Amy,Daniels
Angela,Tran
Sherry,Raymond
Derek,Taylor
Tara,Waller
Roy,Patterson
Gavin,Jackson
Jared,Clark
Brittany,Vargas
Karen,Mullins
Rebecca,Knox
Kristina,Kramer
Lori,Wilkins
Connor,Davis
Sierra,Dougherty
Hayley,Vazquez
Sarah,Cantu
Nathan,Wood
Randy,Sanders
Patricia,Barry
Kim,Ayala
Evan,Martin
Gabriel,Martin
Clarence,Davis
Stacy,Fry
Susan,Mullen
Phillip,Foster
James,Lopez
Bill,Williams
Kristin,Hartman
Marissa,Collier
Sherri,Bender
Nina,Blackwell
Kristina,Mccormick
Raymond,Sanders
Fred,Martin
Alfred,Smith
Tammy,Rasmussen
John,Wright
Juan,Campbell
Kathy,Hubbard
Margaret,Wilcox
Stacey,Arroyo
Katie,Miranda
Ethan,Martin
Jessica,Dennis
Lisa,Lamb
Megan,Bruce
Maria,Poole
Norma,Mercado
Ricky,Russell
Jessica,Blair
Karen,Webster
Dennis,Taylor
Sheena,Mays
Penny,Prince
Linda,Pratt
Lydia,Short
Robyn,Melendez
Sandy,Buckley
Joanna,Rodgers
Benjamin,Williams
Jennifer,Baldwin
Michele,Villarreal
Vanessa,Archer
Nicole,Macias
Mary,Pittman
Tricia,Duke
Carly,George
Kylie,Gibbs
Katherine,Chang
Ronald,Simmons
Hannah,Vaughn
Debbie,Brewer
Nancy,Mcdowell
Beth,Riley
Kristy,Tyler
Gerald,Jackson
Carmen,George
Rebecca,Mckee
Shirley,Blackburn
Vernon,Jimenez
Stacy,Herring
Justin,Mitchell
Brad,Williams
Alexandria,Warren
Peter,Myers
Raven,Orr
Johnny,King
Garrett,Jackson
Cameron,Jones
Sherry,Harding
Tina,Zavala
Tara,Booker
Clinton,Davis
Gabrielle,Cohen
Theresa,Villegas
Becky,Ray
Rebecca,Berger
David,Martinez
Faith,Fleming
Katrina,Tate
Joshua,Nelson
Philip,Long
Sandra,Leblanc
Alicia,Warren
Susan,Krueger
Kirsten,Patton
Melissa,Rosales
Michael,Gomez
Lindsay,Aguirre
Brenda,Willis
Jaime,Lopez
Tracie,Galloway
Caitlyn,Carlson
Kimberly,Norman
Jessica,Navarro
Amanda,Ryan
Lindsey,Stokes
Pamela,Small
Jocelyn,Stevenson
Bernard,Williams
Justin,Campbell
Mark,Murphy
Katherine,Todd
Carol,Greene
Benjamin,Johnson
Lauren,Marsh
Katherine,Malone
Lisa,Pacheco
Renee,Bartlett
Kristie,Hartman
Rebekah,Kerr
Melissa,Nash
Sara,Pennington
Carrie,Munoz
Kristen,Logan
Gabriel,Jackson
David,Wilson
Paula,Kemp
Donna,Hopkins
Shane,West
Michelle,Huffman
Kylie,Moody
Mike,Wood
Katelyn,Avila
Lisa,Shepherd
Tiffany,Krause
Mercedes,Vincent
Jake,Lopez
Michelle,Boyer
Sherry,Hahn
Julia,Newton
Diana,Pena
Susan,Yu
Tammy,Church
Terry,Harrison
Jeffrey,Perez
Thomas,Woods
Tamara,Maynard
Tonya,Riggs
Madeline,Morrow
Elizabeth,Ortega
Jasmine,Mann
Samantha,Hull
Lindsey,Morton
Nathaniel,Brooks
Tamara,Brandt
Sara,Frost
Grace,Watts
Gene,Jackson
Tammy,Sanford
Miguel,Richardson
Bianca,Perkins
Marissa,Whitaker
Stephanie,Herring
Tiffany,Irwin
Maurice,Cooper
Hector,White
Alejandro,Smith
Haley,Barker
Krystal,Gibbs
Arthur,Johnson
Terrance,Harrison
Guy,White
Kiara,Ayala
Kirk,Parker
Nathan,Brooks
Kyle,Collins
Courtney,Burton
Dale,Garcia
Shawna,Mays
Jonathan,Scott
Lori,Hoover
Carrie,Morrison
Jessica,Barber
Jennifer,Cortez
Melanie,Boone
Samantha,Stark
Alexa,Boyd
Samantha,Sellers
Reginald,Ross
Cristian,Garcia
Melissa,Chase
Michelle,Delacruz
Sharon,Boyle
Lauren,Lloyd
Summer,Krueger
Natalie,Johns
Mia,Mathews
Brett,Williams
Dylan,Hernandez
Nancy,Baxter
Vanessa,Mcneil
Stacy,Avery
Ryan,Reynolds
Brian,Brown
Martin,Rivera
Kimberly,Maxwell
Courtney,Fuller
Zachary,Black
Joanne,Rodgers
Perry,Price
Monica,Wiggins
Tina,Hendrix
Joan,Mclaughlin
Kimberly,Patton
Sylvia,Richmond
Micheal,Richardson
Brandon,Williams
Timothy,Webb
Jasmin,Mccarthy
Katherine,Blake
John,Young
Melissa,Bond
Darrell,Wilson
Russell,Jordan
Tara,Montes
Kimberly,Rowe
Julie,Adkins
Catherine,Lawson
Tom,Tucker
Crystal,Chen
Sarah,Pennington
Latasha,Conner
Kathryn,Gill
Toni,Haas
Teresa,Stanton
Sharon,Mayer
Gloria,Mcdaniel
Jamie,Clark
Karen,Christensen
Olivia,Mercado
Jerry,Hall
Brandi,Aguilar
Lauren,Mcbride
Stephanie,Best
Melissa,Castaneda
Brooke,Larson
Sergio,Griffin
Amy,Stephens
Robert,Gutierrez
Robin,Sloan
Danielle,Davidson
Stephanie,Sampson
Beverly,Carpenter
Molly,Berg
David,Anderson
Jennifer,Higgins
Xavier,Robertson
Cynthia,Fields
Troy,Snyder
Cindy,Dean
Jeff,Robinson
Deanna,Brewer
Felicia,Vega
Kimberly,Casey
Clayton,Davis
Eileen,Bates
Tracy,Freeman
Shelley,Shepard
Amber,Fernandez
Stephanie,Clements
Scott,Wallace
Gary,Jackson
Vanessa,Zhang
Brittney,Wheeler
Rhonda,Pruitt
Melissa,Atkinson
Donald,Taylor
Susan,Choi
Eric,Hernandez
Omar,James
Alexandria,Mills
Teresa,Mcpherson
Ryan,Graham
Patrick,Cruz
Travis,Henry
Leah,Pratt
Phillip,Long
Jennifer,Cummings
Geoffrey,Jackson
Jillian,Doyle
Lisa,Meyers
Denise,Valdez
Tyler,Simpson
Mary,Davenport
Jamie,Harris
Valerie,Hatfield
Seth,West
Michelle,Dillon
Cindy,Hanson
Latasha,Moody
Laura,Norton
Rodney,Coleman
Dakota,Garcia
Stanley,Gibson
Sue,Huber
Jill,Doyle
Sandra,Bradshaw
Mary,Roberson
Jill,Moss
Roberto,Henderson
Jacqueline,Warner
Kristi,Hartman
Elizabeth,Contreras
Maria,Wilcox
Charlene,Franklin
Laura,Conner
Lonnie,Stewart
Kelly,Roberts
Maria,Clayton
William,Wagner
Amanda,Nichols
Lauren,Salinas
Stephanie,Dodson
Christine,Howell
Casey,Jones
Stephanie,Moses
Samantha,Gillespie
Sheri,Dunlap
Kayla,Tate
Regina,Stout
Stephanie,Sosa
Damon,Garcia
Jonathan,Green
Annette,Cunningham
Helen,Wolfe
Chloe,Austin
Shannon,Cole
Stacy,Gould
Amy,Dunn
Tammy,Donaldson
Rose,Sexton
Thomas,Ruiz
Laura,Pope
Heather,Holt
Bianca,Carpenter
Jeanne,Erickson
Morgan,Salas
Robert,Barnes
Suzanne,Nixon
Allison,Rice
Amy,Payne
Maureen,Skinner
Grant,Thompson
Jennifer,Sharp
Theresa,Cantrell
Deborah,Holland
Matthew,Cook
Paula,Jacobson
Vanessa,Benitez
Destiny,Pena
Ariel,Knight
Robin,Rocha
Javier,Robinson
Richard,Sullivan
Rachel,Winters
Shaun,Chavez
Isaac,White
Cheyenne,Salazar
Suzanne,Hayden
Samantha,Hardin
Sonia,Dougherty
Nancy,Sawyer
Kevin,Turner
Caleb,Brown
Thomas,Kennedy
Frank,Martin
Diane,Sandoval
John,King
Sandra,Livingston
Natasha,Koch
Jacqueline,Miles
Teresa,Maddox
Tonya,Terrell
Jason,Clark
Kirk,Torres
Makayla,Summers
Michael,Richardson
Randall,Foster
Melvin,Cooper
Lindsey,Aguirre
Brandy,Aguilar
Samuel,Graham
Michelle,Atkins
Jackie,Haynes
Natasha,Johns
Kimberly,Harrington
Daniel,Rodriguez
Kristin,Cobb
Joe,Young
Brittany,Watkins
Briana,Matthews
Deborah,Banks
Rita,Gaines
Jody,Yang
Rebecca,Orr
Jeffrey,Walker
Jeanette,Erickson
Kathleen,Hodges
Adam,Smith
Troy,Simpson
Rhonda,Buck
Christine,Oliver
Kim,Hampton
Taylor,Harrison
Peter,Price
Sandra,Middleton
Karl,Mitchell
Misty,Oneill
Deborah,Lucas
Susan,Rosario
Ashley,Carroll
Carl,Jones
Marcia,Bryan
Adrian,Smith
Karen,Walton
Kathryn,Gallagher
Kaitlyn,Goodman
Olivia,Eaton
Emily,Lambert
Renee,Kent
Kathryn,Duran
Richard,Morales
Keith,Roberts
Kristin,French
Meredith,Mathews
Jessica,Swanson
Angel,Johnson
Cynthia,Reid
Gilbert,Thompson
Lisa,Briggs
Kristen,Floyd
Elizabeth,Santiago
Samantha,Mccall
Stephanie,Huber
Sheri,Mcmahon
Jean,Zimmerman
Margaret,Mckenzie
Kevin,Torres
Spencer,Gibson
Joseph,Nelson
Cynthia,Chen
Janice,Thornton
Scott,Alexander
Steve,Stevens
Tonya,Lucero
Kathy,Duran
Meredith,Vincent
Amy,Gardner
Christina,Williamson
Elizabeth,Alvarado
Amanda,Patel
Cynthia,Walters
Timothy,Castillo
Megan,Kirby
Catherine,Obrien
Michele,Trevino
Mary,Houston
Leah,Pham
Gina,Jennings
Jean,Erickson
Preston,Foster
Stacy,Vaughan
Sarah,Mahoney
Megan,Singleton
Mariah,Rivas
Corey,Davis
Charles,Jones
Christina,Austin
Steven,Owens
Ann,Castro
Sheila,Mcmillan
Diane,Barrett
Shelly,David
Donna,Guerrero
Madison,Colon
Theresa,Cherry
Olivia,Tanner
Julian,Campbell
Janet,Padilla
Teresa,Compton
Jack,Lopez
Danielle,Fowler
Nicole,Mcclure
Jessica,Oconnor
Donna,Keller
Terri,Mccann
Tiffany,Good
Sue,Frye
Julia,Manning
Laurie,Pham
Caroline,Greene
Janet,Bush
Molly,Kane
Claire,Hanson
Jennifer,Reeves
Amanda,Herrera
Nicholas,Bennett
Darin,Wilson
Debra,Curtis
Evelyn,Fleming
Jennifer,Espinoza
Shari,Walls
Lori,Underwood
Julie,Garner
Anna,Hoffman
Shelby,Case
Tonya,Mcgrath
Gwendolyn,Watts
Alexandra,Boyd
Cathy,Lawson
Audrey,Andrews
Erica,Byrd
Lauren,Owen
Rachel,Valenzuela
Michelle,Valencia
Ann,Hoffman
Noah,Gray
Bailey,Andrews
Ebony,Stanley
Stacey,Valentine
Sandra,Nielsen
Emily,Nunez
April,Meyer
Corey,Garcia
Amanda,Ferguson
Lauren,Lindsey
Monica,Pitts
Sandra,Glass
Ronald,Coleman
Heather,Neal
Krista,Patton
Elizabeth,Caldwell
Frances,Vega
Diana,Rios
Patricia,Macdonald
Tricia,Galloway
Destiny,Valdez
Pamela,Macdonald
Gregg,Thompson
Doris,Stanley
Heather,Vazquez
Erin,Shelton
Willie,Palmer
Patricia,Kline
Shelley,Everett
Loretta,Cardenas
Diamond,Pena
Megan,Wilkinson
Tracey,Riggs
Kathleen,Malone
Nicole,Andrade
Stuart,Mcdonald
Sierra,Duffy
John,Allen
Karen,Potter
April,Stone
Travis,Vasquez
Vincent,Mason
Jenna,Fletcher
Mitchell,Wood
Dorothy,Stanley
Zachary,Robertson
Melissa,Horn
Marie,Decker
Rebecca,Odonnell
Brendan,Williams
Trevor,Snyder
Emily,Powers
Erica,Lowe
Jennifer,Marquez
Dean,Anderson
Zachary,Holmes
Lisa,Montoya
Ashley,Bradley
Timothy,Woods
Renee,Browning
Teresa,Kaufman
Nichole,Suarez
Michael,Ward
Laura,Robles
Leah,Lang
Timothy,Mendoza
Patricia,Shannon
Lisa,Cochran
Jon,King
Jessica,Quinn
Nancy,Walter
Pamela,Beasley
Alvin,Smith
Norman,James
Brooke,Wheeler
Joshua,Hill
Tamara,Oconnell
Deborah,Wong
Randy,Foster
Ronnie,Patterson
Lauren,Yates
Kenneth,Evans
Stacey,Potts
Stacey,Shah
Judy,Newton
Savannah,Mcconnell
Angie,Hansen
Andrea,Tran
Barbara,Ray
Tyler,Jimenez
Dawn,May
Linda,Drake
Sandra,Dorsey
Nicole,Dyer
Maria,Greer
Patricia,Mcclain
Susan,Moyer
Andres,Smith
Manuel,Morris
Patricia,Snow
Ellen,Santiago
Phyllis,Prince
Candice,Harper
Eric,Moore
Kimberly,Frank
Lydia,Underwood
Kathy,Cannon
Luke,Flores
Mary,Copeland
Stuart,Owens
Kelli,Wise
Ana,Dunn
James,Gonzalez
Sophia,Shah
Colleen,Weber
Michele,Heath
Wesley,Shaw
Rebecca,Conway
Greg,Thompson
Vanessa,Hinton
Teresa,Mata
Krystal,Tyler
Rose,Herman
Joel,Young
Kent,Evans
Kendra,Barton
Rachel,Orr
Rachel,Santana
Isabella,Graves
Johnathan,King
Michelle,Dalton
Kayla,Hammond
Tonya,Bird
Melanie,Bradford
Monica,Berg
Robyn,Herman
Evelyn,Maldonado
Dominique,Barrett
Rebekah,Odonnell
Lawrence,Edwards
Warren,Shaw
Sarah,Huynh
Sarah,Reilly
Leroy,Edwards
Maria,Rivas
Steven,Stevens
Bethany,Carpenter
Suzanne,Ali
Tiffany,Madden
Thomas,Wells
Andrew,Johnson
Kathryn,Hines
Dana,Walsh
Bobby,Williams
Michael,Cooper
Philip,Myers
Angela,Peters
Morgan,Sawyer
Courtney,Sims
Erin,Maldonado
Timothy,Olson
Nicole,Blackwell
Thomas,Alvarez
Alicia,Fox
Douglas,Thomas
Lori,Weiss
Jillian,Mclaughlin
Sarah,Arias
Linda,Ballard
Rebecca,Escobar
Jennifer,Love
Mallory,Summers
Melanie,Charles
Amanda,Medina
Gregory,Thompson
Kimberly,Osborne
Scott,Ramos
Krista,Logan
Sheila,Case
Katrina,Saunders
Margaret,Petersen
Samantha,Ellison
Samantha,Knapp
Christian,Miller
Melinda,Charles
Cassidy,Jacobs
Haley,Watts
Jesse,Hall
Joseph,Adams
Rebecca,Meadows
Tracy,Burns
Sara,House
Patrick,Reyes
Erica,Gregory
Allison,Moreno
Donna,Stanley
Tanya,Donaldson
James,Harris
Michelle,Lin
Steven,Marshall
Andrea,Dunn
Sarah,Villa
Colleen,Garrett
Pamela,Oneal
Stephanie,Benton
Tasha,Maddox
Sabrina,Moon
Kimberly,Deleon
Patricia,Vance
Desiree,Valdez
Patricia,Stafford
Alyssa,Moreno
Mason,Cook
Hannah,Vazquez
Janet,Thornton
Ronald,Patterson
Bob,Williams
Joanne,Stevenson
Tasha,Arellano
Jesus,Hall
Tammy,Ponce
Hayden,White
Calvin,Brown
Francisco,Martin
Carolyn,Burke
Tiffany,Werner
Jesus,Young
Eddie,Hernandez
Karina,Fischer
Collin,Davis
Isabel,Graves
Ashley,Berry
Kelly,Carter
Brianna,Chapman
John,Sanchez
Samantha,Morse
Jennifer,Dawson
Eugene,Martin
Logan,Stewart
Sergio,West
Phyllis,Merritt
Dawn,Newman
Jody,Singh
Patricia,Jacobson
Pam,Clay
Richard,Ross
Alan,Smith
Susan,Ali
Paul,Cruz
Debbie,Lucas
Kelsey,Barton
Kerry,Evans
Morgan,Russo
Jackie,Graves
Sandra,Mclean
Mindy,Dillon
Sheila,Ayers
Claudia,Hanson
Stephen,Ellis
Theresa,Proctor
Danny,Wilson
Hannah,Norris
Henry,White
Megan,Bridges
Patricia,Orozco
Wyatt,Robertson
Valerie,Downs
Devon,Taylor
Aimee,Boyd
Tina,Jarvis
Barry,Johnson
Ashley,Hudson
Diana,Douglas
Rebecca,Stein
Marissa,Wall
Sandy,Middleton
Ruth,Moon
Laurie,Solis
Meagan,Wilkinson
Alisha,Rose
Tiffany,Rowland
Rhonda,Barr
Monique,Brennan
Holly,Wolfe
Christina,Gilbert
Mark,Rivera
Allen,Smith
Barbara,Andrews
Michael,Bell
Melissa,Foley
Roger,Coleman
Kayla,Carrillo
Angela,Hawkins
Crystal,Welch
Brianna,Matthews
Drew,Thomas
Toni,Hendrix
Felicia,Fleming
Kara,Curry
Sharon,Giles
Savannah,Walls
Brianna,Lawrence
Jennifer,Bowen
Amber,Ryan
Miguel,Wood
Isaiah,White
Peggy,Mosley
Mary,Flowers
Dwayne,Thomas
Autumn,Andrews
Albert,Smith
Tony,Tucker
Mackenzie,Morrow
Samuel,Gonzales
Devin,Taylor
Sherri,Hahn
Mandy,Bryan
William,Hunt
Sonya,Bautista
Tiffany,Spence
Judy,Harmon
Cynthia,Schultz
Mikayla,Dillon
Nicole,Gilmore
Derrick,Taylor
Amber,Weaver
Roberta,Durham
Adriana,Meyer
Shelia,Shepard
Chelsea,Franklin
Tammy,Faulkner
Marisa,Collier
Kelsey,Ingram
Cassandra,Jacobs
Bridget,Lawrence
Gerald,Thompson
Stephanie,Lynn
Kelly,Phillips
Carlos,Jones
Chelsey,Bishop
Stephanie,Bean
Erin,Frazier
Frances,Sutton
Lee,Edwards
Denise,Pearson
Rebecca,Velez
Heidi,Terry
Robert,Fisher
Rhonda,Bartlett
Jennifer,Page
Bryce,Brown
Paula,Huang
Max,Cooper
Franklin,Martin
Natalie,Mcdowell
Crystal,Soto
Sarah,Spears
Diane,Douglas
Bradley,Williams
Angela,Hansen
Lacey,Moody
Alyssa,Schmidt
Erin,Becker
Anita,Castro
Jessica,Chandler
Elizabeth,Bates
Darius,Wilson
Michaela,Hodge
Rachael,Hurst
Erik,Moore
Luis,Flores
Alexander,Smith
Michael,Diaz
Kristen,Bowers
Debra,Banks
Joan,Rojas
Laura,Flynn
Debra,Santos
Jason,Robinson
Christine,Harvey
Miranda,Parrish
Brian,Williams
Donald,Thomas
Rebecca,Leach
Cameron,Brown
Candace,Carlson
Molly,Booth
Tina,Petty
Megan,Anthony
Kristopher,Parker
Rhonda,Gaines
Lisa,Velasquez
Scott,Gonzales
Marc,Morris
Charlotte,Franklin
Louis,Stewart
Katherine,Sherman
Holly,Lyons
Michelle,Heath
Larry,Edwards
Tiffany,Davila
Jo,Mclaughlin
Rachel,Lam
Karina,Campos
Valerie,Andersen
Jason,Lewis
Brent,Williams
Mario,Morris
Jodi,Singh
Norma,Blackwell
Elaine,Bates
Bethany,Riley
Rebecca,Strong
Eduardo,Hernandez
Adrienne,Boyd
Traci,Rollins
Hannah,Barker
Deanna,Newman
Brittany,Garza
Kimberly,Chan
Shane,Cole
Kayla,Mack
Melinda,Allison
Holly,Graves
Sherry,Acevedo
Lucas,Flores
Harold,White
Jermaine,Perez
Toni,Mcgrath
Jade,Padilla
Sarah,Michael
Carla,Harper
Dennis,Anderson
Betty,Carpenter
Julia,Paul
Misty,Melton
Nicole,Henson
Jessica,Simon
Victor,Jimenez
Kathleen,Gill
Denise,Curtis
Tara,Cordova
Robin,Durham
Cristina,Soto
Andrew,Smith
Austin,Johnson
Karen,Brady
Curtis,Garcia
Lori,Cardenas
Tabitha,Richmond
Kristi,Floyd
Audrey,Berry
Kellie,Wise
Shelby,Shepard
Teresa,Dudley
Raymond,Ross
Cheryl,Carr
Susan,Woodward
Sarah,Conrad
Susan,Rubio
Stephen,Stevens
Stacy,Rush
Terri,Dickson
Jessica,Daniel
Shelly,Pugh
Carly,Harper
Kimberly,Strickland
Meghan,Mathis
Connie,Garrett
Jennifer,Ramsey
Ashley,Duncan
Angelica,Hansen
Alexandra,Mills
Rachel,Villanueva
Nancy,Hutchinson
Michelle,Shields
Paige,Eaton
Rachel,Roach
Terri,Villegas
Richard,Powell
Nathan,Watson
Christine,Montgomery
Melissa,Farrell
Blake,Williams
Carol,George
Robert,Ortiz
Tommy,Tucker
Tina,Whitney
Nancy,Golden
Chelsea,Bishop
Ross,Patterson
Fernando,Martin
Theodore,Harrison
Daniel,Wilson
Elizabeth,Wade
Dustin,Thomas
Rachel,Nolan
Cassie,Jacobs
Lynn,Carson
Caitlin,Carlson
Riley,Ortiz
Melissa,Gates
Vanessa,Travis
William,Palmer
Robin,Melendez
Tracey,Joyce
Tammy,Hanna
Loretta,Meyers
Sierra,Landry
Ruben,Patterson
Joanna,Rojas
Glenn,Thompson
Maria,Calderon
Shawn,Chavez
Carolyn,Guzman
Megan,Richard
Melissa,Dickerson
Lisa,Patrick
Robert,Henderson
Chase,Jones
Marilyn,Collier
Mary,Conley
Emily,Chambers
Vincent,Porter
Natalie,Wiley
Kaitlyn,Curry
Kurt,Parker
Stanley,Bryant
Danielle,Little
Rachel,Lester
Susan,Bernard
Dan,Garcia
Don,Taylor
Karl,Roberts
Kayla,Townsend
Samantha,Mora
William,Hunter
Julie,Reese
Ryan,Jordan
Tony,Freeman
Alec,Smith
Carrie,Guzman
Jane,Padilla
Tammy,Coffey
Lori,Fuentes
Ivan,White
Sara,Howe
Kaitlin,Goodman
Cesar,Jones
Duane,Thomas
Sheila,Mays
Dylan,Thomas
Alison,Rose
Joy,Yang
Wesley,Gordon
Judith,Harmon
Stephanie,Crane
Kelsey,Wise
Michelle,Hensley
Jim,Young
Gregory,White
Cole,Davis
Malik,Flores
Madison,Summers
Stephen,Bryant
Breanna,Silva
Clifford,Davis
Caroline,Burke
Sarah,Hebert
Madison,Holloway
Jordan,Green
Stephanie,Tapia
Sabrina,Stark
Louis,Flores
Madeline,Colon
Kristina,Clarke
Jeremiah,Perez
Ryan,Hamilton
Michelle,Cline
Melissa,Wyatt
Melissa,Jefferson
Stephanie,Cisneros
Neil,Brooks
Mckenzie,Skinner
Leon,Edwards
Traci,Galloway
Danielle,Bowman
Christine,Williamson
Kenneth,Phillips
Melanie,Abbott
Juan,Ramirez
Kari,Fischer
Sonya,Dougherty
Chris,Jones
Sara,Buckley
Amanda,Schmidt
Pamela,Wu
Nancy,Liu
Dana,Little
Lance,Collins
Martha,Bass
Mary,Bass
Gloria,Parks
Patty,Jacobson
Nicole,Beard
Michael,Kelly
Steven,Ford
Pedro,Price
Abigail,Meyer
Mary,Combs
Jeffery,Robinson
Jenny,Hardy
Laurie,Owen
Paige,Clay
Hailey,Watts
Monica,Harrell
Natalie,Rich
Cody,Davis
Daniel,Garcia
Monica,Savage
Natasha,Suarez
Joann,Rojas
Terri,Beltran
Katie,Saunders
Lisa,Burnett
Colin,Davis
Lisa,Cabrera
Jessica,Cross
Tina,Baird
Melissa,York
Valerie,Benitez
Tanya,Costa
Kathleen,Juarez
Nicole,Khan
Ebony,Bates
Sarah,Frederick
Ernest,Moore
Meagan,Skinner
Mary,Monroe
Sarah,Fitzpatrick
Savannah,Donovan
Valerie,Duke
Mindy,Parrish
Kevin,Evans
Shawn,Gibson
Dawn,Schneider
Nichole,Hobbs
Grace,Mcdaniel
Sara,Ho
Victor,Porter
Cathy,Franklin
Teresa,Beltran
Shari,Boyle
Tara,Arellano
Tami,Oconnell
Amber,Daniels
Robert,Jenkins
Sara,Schaefer
Sally,Stark
Natalie,Humphrey
Kristen,Mueller
Vanessa,Huerta
Gina,Cohen
George,Jackson
Heather,Dominguez
Tanner,Mcdonald
Heather,Steele
Cassandra,Munoz
Jade,Warner
Jay,Robinson
Sean,Griffin
Susan,Horne
Marie,Guerra
Jessica,Gross
Alex,Smith
Melissa,Vincent
Adriana,Boyd
Matthew,Morgan
Jennifer,Klein
Jodi,Stevenson
Emma,Lowe
Sarah,Noble
Glenda,Parks
Mary,Huff
Rachel,Mccullough
Marvin,Cook
Sarah,Donovan
Rickey,Russell
Joshua,Ramirez
Barbara,Johnston
Sabrina,Hendricks
Susan,Haley
Jessica,Luna
Sean,Wallace
Regina,Kerr
Maxwell,Cooper
Glen,Thompson
Shirley,Duffy
Emily,Craig
Maria,Gallegos
Sandra,Morse
Brenda,Richards
Jacqueline,Park
Heather,Benson
Pamela,Barron
Caitlin,Larson
Michelle,Glenn
Stephanie,Ashley
Nicole,Ware
Jerome,Hall
Tyrone,Jimenez
Tami,Hanna
Matthew,Rogers
Jeffrey,Robinson
Matthew,Cooper
Martha,Whitaker
Lisa,Cain
Sharon,Pineda
Miranda,Oneill
Michael,Bailey
Jessica,Hardy
Michael,Reed
Frederick,Martin
Andre,Smith
Heidi,Wolfe
Rodney,Henderson
Joyce,Figueroa
Oscar,James
Rebecca,Bullock
Andrea,Pierce
Christie,Austin
Kerri,Mejia
Karla,Campos
Patricia,English
Sharon,Zuniga
Paula,Woodard
Richard,Russell
Anna,Elliott
Steven,Murray
Melissa,Phelps
Erica,Rhodes
Nicole,Wilkerson
Holly,Hale
Sabrina,Rangel
Kyle,Parker
Jeremy,Perez
Stacie,Gould
Alisha,Fox
Kimberly,Hampton
Lisa,Ochoa
Ricky,Ortiz
Hunter,White
Elijah,Hernandez
Stephanie,Blevins
Kristy,Clarke
Gail,Cohen
Jennifer,Joseph
Robert,Butler
Valerie,Odom
Karen,Molina
Paul,Price
Jimmy,Young
Cory,Garcia
Michele,Hodge
Melissa,Christian
Kathleen,Wolf
Colton,Davis
Jack,White
Jennifer,Robbins
Gina,Parks
Tanya,Schmitt
Dave,Wilson
Lisa,Hess
Mathew,Cook
Mario,Nguyen
Thomas,Harrison
Katelyn,Campos
Mark,Nguyen
Suzanne,Rivers
Rachel,Yoder
Dominic,Taylor
Emma,Leonard
Walter,Mason
Jose,Green
Anna,Hart
Michael,Cox
Christy,Howell
Candice,Carlson
Rachel,Barrera
Brittney,Watkins
Jill,Fitzgerald
Laura,Leon
Martin,Cook
Ruben,Jordan
Stephanie,Blanchard
Tammie,Hanna
Matthew,Peterson
Ellen,Lambert
Tracy,Henry
Todd,Tucker
Edwin,Hernandez
Elizabeth,Beck
Robin,Gentry
Nicole,Ibarra
Tracey,Rollins
Sarah,Galvan
Robin,Mcintyre
Katie,Cannon
Jorge,Green
Alice,Warren
April,Holmes
Margaret,Serrano
Priscilla,Hurst
Donna,Barrett
Ethan,Moore
Christopher,Davis
Antonio,Johnson
Jose,Baker
Christina,Jensen
Maureen,Randall
Ian,White
Bryan,Brown
Billy,Williams
Linda,Trujillo
Bruce,Brown
Ashley,Knight
Brady,Williams
Shelley,Pugh
Mia,Hodge
Elizabeth,Barnett
Kara,Brady
Susan,Chung
Darryl,Wilson
Sara,Mcintosh
